disease;step;rr_mean;rr_lci;rr_uci
cancer;0;1.0257381062399;1.00068612452443;1.05076701765712
cancer;100;1.02456683265388;0.998806950319987;1.05034395917664
cancer;200;1.02339555906786;0.996927776115544;1.04992090069617
cancer;300;1.02222428548185;0.995048601911102;1.04949784221569
cancer;400;1.02105301189583;0.99316942770666;1.04907478373522
cancer;500;1.01988173830981;0.991290253502217;1.04865172525474
cancer;600;1.01871046472379;0.989411079297775;1.04822866677426
cancer;700;1.01753919113778;0.987531905093332;1.04780560829379
cancer;800;1.01636791755176;0.98565273088889;1.04738254981331
cancer;900;1.01519664396574;0.983773556684448;1.04695949133284
cancer;1000;1.01402537037973;0.981894382480005;1.04653643285236
cancer;1100;1.01285409679371;0.980015208275563;1.04611337437188
cancer;1200;1.01168282320769;0.97813603407112;1.04569031589141
cancer;1300;1.01051154962168;0.976256859866678;1.04526725741093
cancer;1400;1.00934027603566;0.974377685662236;1.04484419893046
cancer;1500;1.00816900244964;0.972498511457793;1.04442114044998
cancer;1600;1.00699772886362;0.970619337253351;1.0439980819695
cancer;1700;1.00582645527761;0.968740163048908;1.04357502348903
cancer;1800;1.00465518169159;0.966860988844466;1.04315196500855
cancer;1900;1.00348390810557;0.964981814640024;1.04272890652808
cancer;2000;1.00231263451956;0.963102640435581;1.0423058480476
cancer;2100;1.00114136093354;0.961223466231139;1.04188278956712
cancer;2200;0.999970087347522;0.959344292026696;1.04145973108665
cancer;2300;0.998798813761505;0.957465117822254;1.04103667260617
cancer;2400;0.997627540175488;0.955585943617812;1.0406136141257
cancer;2500;0.996456266589471;0.953706769413369;1.04019055564522
cancer;2600;0.995284993003454;0.951827595208927;1.03976749716474
cancer;2700;0.994113719417437;0.949948421004484;1.03934443868427
cancer;2800;0.99294244583142;0.948069246800042;1.03892138020379
cancer;2900;0.991771172245403;0.9461900725956;1.03849832172332
cancer;3000;0.990599898659386;0.944310898391157;1.03807526324284
cancer;3100;0.989428625073369;0.942431724186715;1.03765220476236
cancer;3200;0.988257351487352;0.940552549982272;1.03722914628189
cancer;3300;0.987086077901334;0.93867337577783;1.03680608780141
cancer;3400;0.985914804315317;0.936794201573388;1.03638302932094
cancer;3500;0.9847435307293;0.934915027368945;1.03595997084046
cancer;3600;0.983572257143283;0.933035853164503;1.03553691235998
cancer;3700;0.982400983557266;0.93115667896006;1.03511385387951
cancer;3800;0.981229709971249;0.929277504755618;1.03469079539903
cancer;3900;0.980058436385232;0.927398330551176;1.03426773691856
cancer;4000;0.978887162799215;0.925519156346733;1.03384467843808
cancer;4100;0.977715889213198;0.923639982142291;1.0334216199576
cancer;4200;0.976544615627181;0.921760807937849;1.03299856147713
cancer;4300;0.975373342041164;0.919881633733406;1.03257550299665
cancer;4400;0.974202068455147;0.918002459528964;1.03215244451618
cancer;4500;0.97303079486913;0.916123285324521;1.0317293860357
cancer;4600;0.971859521283113;0.914244111120079;1.03130632755522
cancer;4700;0.970688247697096;0.912364936915636;1.03088326907475
cancer;4800;0.969516974111079;0.910485762711194;1.03046021059427
cancer;4900;0.968345700525062;0.908606588506752;1.0300371521138
cancer;5000;0.967174426939045;0.906727414302309;1.02961409363332
cancer;5100;0.966003153353028;0.904848240097867;1.02919103515284
cancer;5200;0.964831879767011;0.902969065893424;1.02876797667237
cancer;5300;0.963660606180994;0.901089891688982;1.02834491819189
cancer;5400;0.962489332594977;0.89921071748454;1.02792185971142
cancer;5500;0.96131805900896;0.897331543280097;1.02749880123094
cancer;5600;0.960146785422943;0.895452369075655;1.02707574275046
cancer;5700;0.958975511836926;0.893573194871213;1.02665268426999
cancer;5800;0.957804238250909;0.89169402066677;1.02622962578951
cancer;5900;0.956632964664892;0.889814846462328;1.02580656730904
cancer;6000;0.955461691078875;0.887935672257885;1.02538350882856
cancer;6100;0.954290417492858;0.886056498053443;1.02496045034808
cancer;6200;0.953119143906841;0.884177323849001;1.02453739186761
cancer;6300;0.951947870320824;0.882298149644558;1.02411433338713
cancer;6400;0.950776596734807;0.880418975440116;1.02369127490666
cancer;6500;0.94960532314879;0.878539801235673;1.02326821642618
cancer;6600;0.948434049562773;0.876660627031231;1.0228451579457
cancer;6700;0.947262775976755;0.874781452826789;1.02242209946523
cancer;6800;0.946091502390739;0.872902278622346;1.02199904098475
cancer;6900;0.944920228804721;0.871023104417904;1.02157598250428
cancer;7000;0.943748955218705;0.869143930213461;1.0211529240238
cancer;7100;0.942577681632687;0.867264756009019;1.02072986554332
cancer;7200;0.941406408046671;0.865385581804577;1.02030680706285
cancer;7300;0.940235134460653;0.863506407600134;1.01988374858237
cancer;7400;0.939063860874636;0.861627233395692;1.0194606901019
cancer;7500;0.937892587288619;0.859748059191249;1.01903763162142
cancer;7600;0.936721313702602;0.857868884986807;1.01861457314094
cancer;7700;0.935550040116585;0.855989710782365;1.01819151466047
cancer;7800;0.934378766530568;0.854110536577922;1.01776845617999
cancer;7900;0.933207492944551;0.85223136237348;1.01734539769952
cancer;8000;0.932036219358534;0.850352188169038;1.01692233921904
cancer;8100;0.930864945772517;0.848473013964595;1.01649928073856
cancer;8200;0.9296936721865;0.846593839760153;1.01607622225809
cancer;8300;0.928522398600483;0.84471466555571;1.01565316377761
cancer;8400;0.927351125014466;0.842835491351268;1.01523010529714
cancer;8500;0.926179851428449;0.840956317146825;1.01480704681666
cancer;8600;0.925008577842432;0.839077142942383;1.01438398833618
cancer;8700;0.923837304256415;0.837197968737941;1.01396092985571
cancer;8800;0.922666030670398;0.835318794533498;1.01353787137523
cancer;8900;0.921494757084381;0.833439620329056;1.01311481289476
cancer;9000;0.920323483498364;0.831560446124613;1.01269175441428
cancer;9100;0.919152209912347;0.829681271920171;1.0122686959338
cancer;9200;0.91798093632633;0.827802097715729;1.01184563745333
cancer;9300;0.916809662740313;0.825922923511286;1.01142257897285
cancer;9400;0.915638389154296;0.824043749306844;1.01099952049238
cancer;9500;0.914467115568279;0.822164575102401;1.0105764620119
cancer;9600;0.913295841982262;0.820285400897959;1.01015340353142
cancer;9700;0.912124568396245;0.818406226693517;1.00973034505095
cancer;9800;0.910953294810228;0.816527052489074;1.00930728657047
cancer;9900;0.909782021224211;0.814647878284632;1.00888422809
cancer;10000;0.908610747638194;0.812768704080189;1.00846116960952
cancer;10100;0.907439474052177;0.810889529875747;1.00803811112904
cancer;10200;0.90626820046616;0.809010355671305;1.00761505264857
cancer;10300;0.905096926880143;0.807131181466862;1.00719199416809
cancer;10400;0.903925653294126;0.80525200726242;1.00676893568762
cancer;10500;0.902754379708109;0.803372833057977;1.00634587720714
cancer;10600;0.901583106122091;0.801493658853535;1.00592281872666
cancer;10700;0.900411832536075;0.799614484649093;1.00549976024619
cancer;10800;0.899240558950057;0.79773531044465;1.00507670176571
cancer;10900;0.89806928536404;0.795856136240208;1.00465364328524
cancer;11000;0.896898011778023;0.793976962035765;1.00423058480476
cancer;11100;0.895726738192007;0.792097787831323;1.00380752632428
cancer;11200;0.894555464605989;0.790218613626881;1.00338446784381
cancer;11300;0.893384191019972;0.788339439422438;1.00296140936333
cancer;11400;0.892212917433955;0.786460265217996;1.00253835088286
cancer;11500;0.891041643847938;0.784581091013553;1.00211529240238
cancer;11600;0.889870370261921;0.782701916809111;1.0016922339219
cancer;11700;0.888699096675904;0.780822742604669;1.00126917544143
cancer;11800;0.887527823089887;0.778943568400226;1.00084611696095
cancer;11900;0.88635654950387;0.777064394195784;1.00042305848048
cancer;12000;0.885185275917853;0.775185219991341;1
cvd;0;1.18649973068378;1.08298412384518;1.28751891227136
cvd;100;1.17420013688205;1.08258530810343;1.26306772517335
cvd;200;1.16219591231156;1.08163870087534;1.23980419030428
cvd;300;1.15048172301974;1.08016151257834;1.21769883240887
cvd;400;1.13905223505399;1.07817095362985;1.19672217623188
cvd;500;1.12790211446174;1.07568423444728;1.17686609445679
cvd;600;1.11702602729039;1.07271856544805;1.15808156813484
cvd;700;1.10641863958738;1.06929115704958;1.14034188440589
cvd;800;1.09607461740011;1.0654192196693;1.12360961365663
cvd;900;1.08598862677601;1.06111996372462;1.10785298359722
cvd;1000;1.07615533376249;1.05641059963295;1.09304271088621
cvd;1100;1.06656940440696;1.05130833781173;1.07911819189383
cvd;1200;1.05722550475685;1.04583038867836;1.06611257147951
cvd;1300;1.04811830085957;1.04014025550349;1.0539599462044
cvd;1400;1.03924245876255;1.03392509374295;1.04265070576842
cvd;1500;1.03059264451319;1.02740679643734;1.03239731192668
cvd;1600;1.02216352415891;1.02060480875828;1.02302060232778
cvd;1700;1.01394976374714;1.01335212285749;1.01421773485849
cvd;1800;1.00594602932529;1.00515555763854;1.00624250387389
cvd;1900;0.99814698694077;0.997507976229642;0.998466053684214
cvd;2000;0.990547302641007;0.990547302464536;0.990547302815828
cvd;2100;0.983141251445367;0.982451180064733;0.98421024142166
cvd;2200;0.975921544261027;0.974158686520421;0.978454926195984
cvd;2300;0.968880500967117;0.9657145219296;0.973243953552975
cvd;2400;0.962010441442766;0.957106843089183;0.968532545488402
cvd;2500;0.955303685567104;0.948403348957742;0.96438778055596
cvd;2600;0.94875255321926;0.93959833305917;0.960712123730331
cvd;2700;0.942349364278364;0.930685828719645;0.957314054512841
cvd;2800;0.936086438623544;0.921704992148676;0.954251764323529
cvd;2900;0.929956096133931;0.912671288371351;0.951487027391223
cvd;3000;0.923950656688653;0.903552980557297;0.948978585075665
cvd;3100;0.918062440166841;0.894410600906597;0.946685178736599
cvd;3200;0.912283766447622;0.885325437136161;0.944565549733765
cvd;3300;0.906606955410128;0.876275936290978;0.942578439426908
cvd;3400;0.901024326933487;0.867330944459506;0.940682589175769
cvd;3500;0.895528200896828;0.858482762492026;0.938836740340091
cvd;3600;0.890110897179282;0.849739125806881;0.936999634279616
cvd;3700;0.884764735659977;0.841128311261073;0.935130012354087
cvd;3800;0.879482036218043;0.832672419835522;0.933186615923246
cvd;3900;0.874255118732609;0.824393552511146;0.931128186346836
cvd;4000;0.869076303082805;0.816313810268866;0.9289134649846
cvd;4100;0.863939864287999;0.808451218620017;0.92651101268378
cvd;4200;0.858847897928521;0.800807501197601;0.923928668241626
cvd;4300;0.85380445472494;0.793380306165034;0.92118408994289
cvd;4400;0.848813585397825;0.786167281685734;0.918294936072322
cvd;4500;0.843879340667745;0.77916607592312;0.915278864914672
cvd;4600;0.839005771255268;0.772374337040608;0.912153534754692
cvd;4700;0.834196927880963;0.765789713201616;0.908936603877133
cvd;4800;0.829456861265399;0.759409852569561;0.905645730566744
cvd;4900;0.824789622129145;0.753232403307862;0.902298573108277
cvd;5000;0.82019926119277;0.747255013579935;0.898912789786483
cvd;5100;0.815689829176843;0.741475331549199;0.895506038886112
cvd;5200;0.811265376801932;0.735891005379071;0.892095978691915
cvd;5300;0.806929954788607;0.730499683232968;0.888700267488643
cvd;5400;0.802687613857436;0.725299013274308;0.885336563561046
cvd;5500;0.798542404728989;0.720286643666508;0.882022525193876
cvd;5600;0.794498378123834;0.715460222572987;0.878775810671883
cvd;5700;0.790559584762539;0.710817398157162;0.875614078279818
cvd;5800;0.786730075365675;0.706355818582449;0.872554986302432
cvd;5900;0.783013900653809;0.702073132012267;0.869616193024475
cvd;6000;0.779415111347511;0.697966986610034;0.866815356730698
cvd;6100;0.775936404058017;0.694034267294606;0.864165420836338
cvd;6200;0.772575058959228;0.6902688060066;0.861660469278574
cvd;6300;0.769327002115715;0.68666367144207;0.859289871125071
cvd;6400;0.766188159592046;0.683211932297073;0.857042995443493
cvd;6500;0.763154457452793;0.679906657267664;0.854909211301507
cvd;6600;0.760221821762523;0.676740915049899;0.852877887766775
cvd;6700;0.757386178585807;0.673707774339832;0.850938393906965
cvd;6800;0.754643453987214;0.670800303833519;0.84908009878974
cvd;6900;0.751989574031314;0.668011572227017;0.847292371482766
cvd;7000;0.749420464782676;0.665334648216379;0.845564581053706
cvd;7100;0.746932052305869;0.662762600497663;0.843886096570227
cvd;7200;0.744520262665464;0.660288497766923;0.842246287099994
cvd;7300;0.742181021926029;0.657905408720215;0.84063452171067
cvd;7400;0.739910256152134;0.655606402053595;0.839040169469922
cvd;7500;0.737703891408349;0.653384546463117;0.837452599445413
cvd;7600;0.735557853759243;0.651232910644837;0.83586118070481
cvd;7700;0.733468069269386;0.649144563294812;0.834255282315776
cvd;7800;0.731430464003347;0.647112573109096;0.832624273345977
cvd;7900;0.729440964025696;0.645130008783744;0.830957522863078
cvd;8000;0.727495495401002;0.643189939014813;0.829244399934744
cvd;8100;0.725590863964266;0.641287085645827;0.827476999261105
cvd;8200;0.72372739463221;0.639422783110183;0.825658318072159
cvd;8300;0.721906292091991;0.637600018988748;0.823794079230367
cvd;8400;0.720128761030762;0.63582178086239;0.821890005598191
cvd;8500;0.718396006135677;0.634091056311975;0.819951820038096
cvd;8600;0.716709232093892;0.632410832918369;0.817985245412541
cvd;8700;0.715069643592561;0.63078409826244;0.815996004583992
cvd;8800;0.713478445318838;0.629213839925055;0.813989820414908
cvd;8900;0.711936841959879;0.627703210307551;0.811972415767754
cvd;9000;0.710446038202836;0.626255063996468;0.809949513504991
cvd;9100;0.709007238734866;0.624872150481264;0.807926836489082
cvd;9200;0.707621648243122;0.623557472198484;0.80591010758249
cvd;9300;0.706290471414758;0.622314258346615;0.803905049647676
cvd;9400;0.705014912936931;0.621145597118692;0.801917385547104
cvd;9500;0.703796177496793;0.62005432527538;0.799952838143235
cvd;9600;0.7026354697815;0.619043430397546;0.798017130298532
cvd;9700;0.701533994478206;0.618115900066056;0.796115984875457
cvd;9800;0.700492956274065;0.617274721861778;0.794255124736474
cvd;9900;0.699513559856233;0.616522883365577;0.792440272744044
cvd;10000;0.698597009911863;0.615863372158321;0.790677151760629
cvd;10100;0.697744335174024;0.615298845191383;0.7889709395222
cvd;10200;0.69695586055944;0.614830636898161;0.787324633258752
cvd;10300;0.696231735030748;0.61445975108256;0.785740685073787
cvd;10400;0.695572107550586;0.614187191548484;0.784224562324001
cvd;10500;0.69497712708159;0.614013962099837;0.782821237861961
cvd;10600;0.6944469425864;0.613941066540525;0.78148130729524
cvd;10700;0.693981703027652;0.613965327249115;0.780206829030455
cvd;10800;0.693581557367983;0.614090275040117;0.778999861474225
cvd;10900;0.693246654570032;0.614323849805036;0.777862463033166
cvd;11000;0.692977143596436;0.614667295168532;0.776796692113897
cvd;11100;0.692773173409832;0.615116730220636;0.775804607123034
cvd;11200;0.692634892972857;0.615666917879324;0.774888266467196
cvd;11300;0.69256245124815;0.616324466054679;0.774049728552999
cvd;11400;0.692555997198348;0.617090378550603;0.773291051787062
cvd;11500;0.692615679786089;0.617965659171003;0.772614294576002
cvd;11600;0.692741647974009;0.618951311719782;0.772021515326436
cvd;11700;0.692934050724746;0.620048340000845;0.771514772444983
cvd;11800;0.693193037000939;0.621257747818097;0.771131862099405
cvd;11900;0.693518755765224;0.622580538975442;0.770879129246585
cvd;12000;0.693911355980239;0.624017717276784;0.770730440231798
dem;0;1.23121142832504;1.14186037813022;1.32092084130991
dem;100;1.21836934865476;1.13557593759902;1.30143962316937
dem;200;1.20553727067624;1.12927006888547;1.28200079270288
dem;300;1.19272519608127;1.12292134380721;1.26264673758446
dem;400;1.1799431265616;1.11650833418188;1.24341984548817
dem;500;1.16720106380902;1.11000961182714;1.22436250408804
dem;600;1.15450900951529;1.10340374856061;1.20551710105812
dem;700;1.14187696537218;1.09666958984967;1.18692602407245
dem;800;1.12931493307147;1.08978426749273;1.16863166080506
dem;900;1.11683291430491;1.08270539606547;1.15067639893001
dem;1000;1.10444091076429;1.07541636010895;1.13310262612132
dem;1100;1.09214892414138;1.06791957708152;1.11595273005304
dem;1200;1.07996695612793;1.06019427227609;1.0992686564919
dem;1300;1.06790500841574;1.05221967098557;1.08305784092153
dem;1400;1.05597308269655;1.04397883724317;1.0674068699072
dem;1500;1.04418118066215;1.03543700229592;1.05238765733018
dem;1600;1.03253930400431;1.02658890995611;1.03798094614836
dem;1700;1.02105745441479;1.01740920273709;1.02425914562663
dem;1800;1.00974563358537;1.00787734346956;1.01141703194158
dem;1900;0.998613843207815;0.997984655643359;0.999220467942512
dem;2000;0.987672084973896;0.987672084973896;0.987672084973896
dem;2100;0.976927844015545;0.976756137549913;0.977048934637512
dem;2200;0.966378539225331;0.965886717665167;0.967133402885747
dem;2300;0.956019072935985;0.954400679713484;0.957937218238134
dem;2400;0.945844347480237;0.942567558399678;0.949704530906091
dem;2500;0.935849265190818;0.930414379139697;0.941930908294198
dem;2600;0.926028728400459;0.918092396526358;0.934922677693094
dem;2700;0.916377639441889;0.905548087074821;0.928284215444246
dem;2800;0.906890900647839;0.892880545407471;0.922117084865261
dem;2900;0.897563414351039;0.880135380932692;0.916364676868007
dem;3000;0.888390082884221;0.867325999063629;0.910974649146899
dem;3100;0.879365808580114;0.854492882717262;0.905893717081312
dem;3200;0.870485493771449;0.841676514810573;0.901068014888714
dem;3300;0.861744040790956;0.828917378260539;0.896443676786577
dem;3400;0.853136351971365;0.816255955984142;0.891966836992369
dem;3500;0.844657329645408;0.803732730898362;0.88758362972356
dem;3600;0.836301876145814;0.791388185920178;0.88324018919762
dem;3700;0.828064893805314;0.779262803966571;0.878882649632019
dem;3800;0.819941284956639;0.767397067954521;0.874457145244226
dem;3900;0.811925951932518;0.755831460801007;0.869909810251711
dem;4000;0.804013797065683;0.74460646542301;0.865186778871944
dem;4100;0.796200695241117;0.733753469979894;0.860247082612491
dem;4200;0.78848641155282;0.723267483600554;0.855101342141303
dem;4300;0.780871683647044;0.713134420656273;0.849773075416429
dem;4400;0.773357249170042;0.70334019551833;0.844285800395916
dem;4500;0.765943845768068;0.693870722558005;0.838663035037812
dem;4600;0.758632211087374;0.68471191614658;0.832928297300166
dem;4700;0.751423082774214;0.675849690655335;0.827105105141026
dem;4800;0.744317198474839;0.66726996045555;0.821216976518439
dem;4900;0.737315295835504;0.658958639918506;0.815287429390453
dem;5000;0.73041811250246;0.650901643415484;0.809339981715116
dem;5100;0.723626386121961;0.643084885317764;0.803398151450478
dem;5200;0.716940854340261;0.635494279996626;0.797485456554584
dem;5300;0.710362254803611;0.628115741823352;0.791625414985484
dem;5400;0.703891325158264;0.62093518516922;0.785841544701225
dem;5500;0.697528803050474;0.613938524405513;0.780157363659856
dem;5600;0.691275426126494;0.607111673903511;0.774596389819424
dem;5700;0.685131932032576;0.600440548034494;0.769182141137977
dem;5800;0.679099058414974;0.593911061169742;0.763938135573564
dem;5900;0.67317754291994;0.587509127680536;0.758887891084232
dem;6000;0.667368123193727;0.581220661938158;0.754054925628029
dem;6100;0.66167172254428;0.575034711303322;0.749456586162628
dem;6200;0.656090006926311;0.568952855094487;0.745085535644194
dem;6300;0.650624827956226;0.562979805619547;0.740928266028519
dem;6400;0.645278037250428;0.557120275186395;0.736971269271393
dem;6500;0.640051486425322;0.551378976102926;0.733201037328607
dem;6600;0.634947027097312;0.545760620677033;0.72960406215595
dem;6700;0.629966510882803;0.54026992121661;0.726166835709214
dem;6800;0.625111789398199;0.534911590029551;0.72287584994419
dem;6900;0.620384714259905;0.52969033942375;0.719717596816667
dem;7000;0.615787137084324;0.524610881707099;0.716678568282436
dem;7100;0.611320909487863;0.519677929187494;0.713745256297288
dem;7200;0.606987883086924;0.514896194172828;0.710904152817014
dem;7300;0.602789909497912;0.510270388970995;0.708141749797403
dem;7400;0.598728840337232;0.505805225889889;0.705444539194247
dem;7500;0.594806527221288;0.501505417237402;0.702799012963336
dem;7600;0.591024821766485;0.49737567532143;0.700191663060461
dem;7700;0.587385575589227;0.493420712449866;0.697608981441411
dem;7800;0.583890640305919;0.489645240930603;0.695037460061978
dem;7900;0.580541867532964;0.486053973071536;0.692463590877953
dem;8000;0.577341108886768;0.482651621180558;0.689873865845125
dem;8100;0.574290245848958;0.479441908592925;0.687259631549643
dem;8200;0.571391279362062;0.476411932085105;0.684631653099089
dem;8300;0.568646240233828;0.473581463019019;0.6820055502314
dem;8400;0.566057159272007;0.470949164415859;0.679396942684515
dem;8500;0.563626067284349;0.46851302409022;0.676821450196373
dem;8600;0.561354995078603;0.466255016316762;0.674294692504913
dem;8700;0.55924597346252;0.464181421298381;0.671832289348073
dem;8800;0.55730103324385;0.462292903860433;0.669449860463792
dem;8900;0.555522205230343;0.460588242474984;0.667163025590008
dem;9000;0.553911520229748;0.459066215614098;0.66498740446466
dem;9100;0.552471009049816;0.457725601749839;0.662938616825687
dem;9200;0.551202702498297;0.456565179354272;0.661032282411027
dem;9300;0.550108631382941;0.455583726899461;0.659284020958619
dem;9400;0.549190826511497;0.45478002285747;0.657709452206402
dem;9500;0.548451318691716;0.454152845700364;0.656324195892314
dem;9600;0.547892138731347;0.453700973900208;0.655143871754294
dem;9700;0.547515317438142;0.453423185929065;0.654184099530281
dem;9800;0.547322885619849;0.453318260259001;0.653460498958213
dem;9900;0.547316874084218;0.453384975362079;0.652988689776029
dem;10000;0.547499313639001;0.453622109710364;0.652784291721667
dem;10100;0.547870309274836;0.454027235382932;0.652857962652862
dem;10200;0.548422262713926;0.454593098886909;0.65320051290653
dem;10300;0.549145649861362;0.455311240336429;0.653797790939383
dem;10400;0.550030946622237;0.456173199845631;0.654635645208133
dem;10500;0.551068628901641;0.457170517528649;0.655699924169492
dem;10600;0.552249172604668;0.458294733499621;0.656976476280172
dem;10700;0.553563053636409;0.459537387872683;0.658451149996885
dem;10800;0.555000747901955;0.460890020761971;0.660109793776342
dem;10900;0.556552731306399;0.462344172281622;0.661938256075256
dem;11000;0.558209479754832;0.463891382545773;0.663922385350339
dem;11100;0.559961469152347;0.465523191668559;0.666048030058302
dem;11200;0.561799175404035;0.467231139764118;0.668301038655858
dem;11300;0.563713074414988;0.469006766946585;0.670667259599719
dem;11400;0.565693642090297;0.470841613330096;0.673132541346595
dem;11500;0.567731354335056;0.47272721902879;0.6756827323532
dem;11600;0.569816687054355;0.474655124156801;0.678303681076246
dem;11700;0.571940116153287;0.476616868828266;0.680981235972443
dem;11800;0.574092117536944;0.478603993157322;0.683701245498505
dem;11900;0.576263167110416;0.480608037258106;0.686449558111143
dem;12000;0.578443740778797;0.482620541244753;0.689212022267069
dep;0;1.09938750380872;1.07306996546254;1.12630155269105
dep;100;1.09525968870177;1.06853743074473;1.12259969974528
dep;200;1.09113187359483;1.06400489602691;1.1188978467995
dep;300;1.08700405848789;1.0594723613091;1.11519599385373
dep;400;1.08287624338094;1.05493982659128;1.11149414090795
dep;500;1.078748428274;1.05040729187347;1.10779228796218
dep;600;1.07462061316706;1.04587475715566;1.10409043501641
dep;700;1.07049279806011;1.04134222243784;1.10038858207063
dep;800;1.06636498295317;1.03680968772003;1.09668672912486
dep;900;1.06223716784623;1.03227715300221;1.09298487617908
dep;1000;1.05810935273928;1.0277446182844;1.08928302323331
dep;1100;1.05398153763234;1.02321208356658;1.08558117028754
dep;1200;1.0498537225254;1.01867954884877;1.08187931734176
dep;1300;1.04572590741845;1.01414701413096;1.07817746439599
dep;1400;1.04159809231151;1.00961447941314;1.07447561145022
dep;1500;1.03747027720457;1.00508194469533;1.07077375850444
dep;1600;1.03334246209762;1.00054940997751;1.06707190555867
dep;1700;1.02921464699068;0.9960168752597;1.0633700526129
dep;1800;1.02508683188374;0.991484340541885;1.05966819966712
dep;1900;1.02095901677679;0.986951805824071;1.05596634672135
dep;2000;1.01683120166985;0.982419271106257;1.05226449377557
dep;2100;1.01270338656291;0.977886736388443;1.0485626408298
dep;2200;1.00857557145596;0.973354201670629;1.04486078788403
dep;2300;1.00444775634902;0.968821666952815;1.04115893493825
dep;2400;1.00031994124208;0.964289132235001;1.03745708199248
dep;2500;0.996192126135134;0.959756597517187;1.0337552290467
dep;2600;0.992064311028191;0.955224062799372;1.03005337610093
dep;2700;0.987936495921248;0.950691528081558;1.02635152315516
dep;2800;0.983808680814304;0.946158993363744;1.02264967020938
dep;2900;0.979680865707361;0.94162645864593;1.01894781726361
dep;3000;0.975553050600418;0.937093923928116;1.01524596431784
dep;3100;0.971425235493474;0.932561389210302;1.01154411137206
dep;3200;0.967297420386531;0.928028854492488;1.00784225842629
dep;3300;0.963169605279588;0.923496319774674;1.00414040548051
dep;3400;0.959041790172644;0.918963785056859;1.00043855253474
dep;3500;0.954913975065701;0.914431250339045;0.996736699588967
dep;3600;0.950786159958758;0.909898715621231;0.993034846643194
dep;3700;0.946658344851814;0.905366180903417;0.98933299369742
dep;3800;0.942530529744871;0.900833646185603;0.985631140751646
dep;3900;0.938402714637928;0.896301111467789;0.981929287805872
dep;4000;0.934274899530984;0.891768576749975;0.978227434860099
dep;4100;0.930147084424041;0.887236042032161;0.974525581914325
dep;4200;0.926019269317098;0.882703507314347;0.970823728968551
dep;4300;0.921891454210155;0.878170972596533;0.967121876022777
dep;4400;0.917763639103211;0.873638437878718;0.963420023077003
dep;4500;0.913635823996268;0.869105903160904;0.95971817013123
dep;4600;0.909508008889324;0.86457336844309;0.956016317185456
dep;4700;0.905380193782381;0.860040833725276;0.952314464239682
dep;4800;0.901252378675438;0.855508299007462;0.948612611293908
dep;4900;0.897124563568495;0.850975764289648;0.944910758348135
dep;5000;0.892996748461551;0.846443229571833;0.941208905402361
dep;5100;0.888868933354608;0.841910694854019;0.937507052456587
dep;5200;0.884741118247665;0.837378160136205;0.933805199510813
dep;5300;0.880613303140721;0.832845625418391;0.93010334656504
dep;5400;0.876485488033778;0.828313090700577;0.926401493619266
dep;5500;0.872357672926835;0.823780555982763;0.922699640673492
dep;5600;0.868229857819891;0.819248021264949;0.918997787727718
dep;5700;0.864102042712948;0.814715486547135;0.915295934781945
dep;5800;0.859974227606005;0.81018295182932;0.911594081836171
dep;5900;0.855846412499061;0.805650417111506;0.907892228890397
dep;6000;0.851718597392118;0.801117882393692;0.904190375944623
dep;6100;0.847590782285175;0.796585347675878;0.90048852299885
dep;6200;0.843462967178231;0.792052812958064;0.896786670053076
dep;6300;0.839335152071288;0.78752027824025;0.893084817107302
dep;6400;0.835207336964345;0.782987743522436;0.889382964161528
dep;6500;0.831079521857402;0.778455208804622;0.885681111215755
dep;6600;0.826951706750458;0.773922674086808;0.881979258269981
dep;6700;0.822823891643515;0.769390139368993;0.878277405324207
dep;6800;0.818696076536572;0.764857604651179;0.874575552378433
dep;6900;0.814568261429628;0.760325069933365;0.870873699432659
dep;7000;0.810440446322685;0.755792535215551;0.867171846486886
dep;7100;0.806312631215742;0.751260000497737;0.863469993541112
dep;7200;0.802184816108798;0.746727465779923;0.859768140595338
dep;7300;0.798057001001855;0.742194931062109;0.856066287649565
dep;7400;0.793929185894912;0.737662396344295;0.852364434703791
dep;7500;0.789801370787968;0.73312986162648;0.848662581758017
dep;7600;0.785673555681025;0.728597326908666;0.844960728812243
dep;7700;0.781545740574082;0.724064792190852;0.841258875866469
dep;7800;0.777417925467138;0.719532257473038;0.837557022920696
dep;7900;0.773290110360195;0.714999722755224;0.833855169974922
dep;8000;0.769162295253252;0.71046718803741;0.830153317029148
dep;8100;0.765034480146309;0.705934653319596;0.826451464083375
dep;8200;0.760906665039365;0.701402118601782;0.822749611137601
dep;8300;0.756778849932422;0.696869583883967;0.819047758191827
dep;8400;0.752651034825479;0.692337049166153;0.815345905246053
dep;8500;0.748523219718535;0.687804514448339;0.811644052300279
dep;8600;0.744395404611592;0.683271979730525;0.807942199354505
dep;8700;0.740267589504649;0.678739445012711;0.804240346408732
dep;8800;0.736139774397705;0.674206910294897;0.800538493462958
dep;8900;0.732011959290762;0.669674375577083;0.796836640517184
dep;9000;0.727884144183819;0.665141840859269;0.793134787571411
dep;9100;0.723756329076875;0.660609306141454;0.789432934625637
dep;9200;0.719628513969932;0.65607677142364;0.785731081679863
dep;9300;0.715500698862989;0.651544236705826;0.782029228734089
dep;9400;0.711372883756046;0.647011701988012;0.778327375788316
dep;9500;0.707245068649102;0.642479167270198;0.774625522842542
dep;9600;0.703117253542159;0.637946632552384;0.770923669896768
dep;9700;0.698989438435215;0.63341409783457;0.767221816950994
dep;9800;0.694861623328272;0.628881563116756;0.763519964005221
dep;9900;0.690733808221329;0.624349028398942;0.759818111059447
dep;10000;0.686605993114386;0.619816493681127;0.756116258113673
dep;10100;0.682478178007442;0.615283958963313;0.752414405167899
dep;10200;0.678350362900499;0.610751424245499;0.748712552222125
dep;10300;0.674222547793556;0.606218889527685;0.745010699276352
dep;10400;0.670094732686612;0.601686354809871;0.741308846330578
dep;10500;0.665966917579669;0.597153820092057;0.737606993384804
dep;10600;0.661839102472726;0.592621285374243;0.73390514043903
dep;10700;0.657711287365782;0.588088750656428;0.730203287493257
dep;10800;0.653583472258839;0.583556215938614;0.726501434547483
dep;10900;0.649455657151896;0.5790236812208;0.722799581601709
dep;11000;0.645327842044952;0.574491146502986;0.719097728655935
dep;11100;0.641200026938009;0.569958611785172;0.715395875710162
dep;11200;0.637072211831066;0.565426077067358;0.711694022764388
dep;11300;0.632944396724122;0.560893542349544;0.707992169818614
dep;11400;0.628816581617179;0.55636100763173;0.70429031687284
dep;11500;0.624688766510236;0.551828472913915;0.700588463927066
dep;11600;0.620560951403293;0.547295938196101;0.696886610981293
dep;11700;0.616433136296349;0.542763403478287;0.693184758035519
dep;11800;0.612305321189406;0.538230868760473;0.689482905089745
dep;11900;0.608177506082463;0.533698334042659;0.685781052143972
dep;12000;0.604049690975519;0.529165799324845;0.682079199198198
diab2;0;1.05888868843334;0.997777050861764;1.12338852905107
diab2;100;1.0562318142454;0.99406474416568;1.12219636565544
diab2;200;1.05357494005745;0.990352437469596;1.12100420225981
diab2;300;1.0509180658695;0.986640130773512;1.11981203886418
diab2;400;1.04826119168156;0.982927824077428;1.11861987546855
diab2;500;1.04560431749361;0.979215517381344;1.11742771207293
diab2;600;1.04294744330566;0.97550321068526;1.1162355486773
diab2;700;1.04029056911772;0.971790903989176;1.11504338528167
diab2;800;1.03763369492977;0.968078597293092;1.11385122188604
diab2;900;1.03497682074183;0.964366290597009;1.11265905849041
diab2;1000;1.03231994655388;0.960653983900925;1.11146689509479
diab2;1100;1.02966307236593;0.956941677204841;1.11027473169916
diab2;1200;1.02700619817799;0.953229370508757;1.10908256830353
diab2;1300;1.02434932399004;0.949517063812673;1.1078904049079
diab2;1400;1.02169244980209;0.945804757116589;1.10669824151227
diab2;1500;1.01903557561415;0.942092450420505;1.10550607811665
diab2;1600;1.0163787014262;0.938380143724421;1.10431391472102
diab2;1700;1.01372182723825;0.934667837028337;1.10312175132539
diab2;1800;1.01106495305031;0.930955530332253;1.10192958792976
diab2;1900;1.00840807886236;0.927243223636169;1.10073742453413
diab2;2000;1.00575120467441;0.923530916940086;1.09954526113851
diab2;2100;1.00309433048647;0.919818610244002;1.09835309774288
diab2;2200;1.00043745629852;0.916106303547918;1.09716093434725
diab2;2300;0.997780582110573;0.912393996851834;1.09596877095162
diab2;2400;0.995123707922627;0.90868169015575;1.09477660755599
diab2;2500;0.99246683373468;0.904969383459666;1.09358444416037
diab2;2600;0.989809959546733;0.901257076763582;1.09239228076474
diab2;2700;0.987153085358787;0.897544770067498;1.09120011736911
diab2;2800;0.98449621117084;0.893832463371415;1.09000795397348
diab2;2900;0.981839336982894;0.890120156675331;1.08881579057785
diab2;3000;0.979182462794947;0.886407849979247;1.08762362718223
diab2;3100;0.976525588607;0.882695543283163;1.0864314637866
diab2;3200;0.973868714419054;0.878983236587079;1.08523930039097
diab2;3300;0.971211840231107;0.875270929890995;1.08404713699534
diab2;3400;0.968554966043161;0.871558623194911;1.08285497359971
diab2;3500;0.965898091855214;0.867846316498827;1.08166281020409
diab2;3600;0.963241217667268;0.864134009802743;1.08047064680846
diab2;3700;0.960584343479321;0.86042170310666;1.07927848341283
diab2;3800;0.957927469291375;0.856709396410576;1.0780863200172
diab2;3900;0.955270595103428;0.852997089714492;1.07689415662157
diab2;4000;0.952613720915481;0.849284783018408;1.07570199322595
diab2;4100;0.949956846727535;0.845572476322324;1.07450982983032
diab2;4200;0.947299972539588;0.84186016962624;1.07331766643469
diab2;4300;0.944643098351642;0.838147862930156;1.07212550303906
diab2;4400;0.941986224163695;0.834435556234072;1.07093333964343
diab2;4500;0.939329349975749;0.830723249537988;1.06974117624781
diab2;4600;0.936672475787802;0.827010942841904;1.06854901285218
diab2;4700;0.934015601599855;0.82329863614582;1.06735684945655
diab2;4800;0.931358727411909;0.819586329449736;1.06616468606092
diab2;4900;0.928701853223962;0.815874022753653;1.06497252266529
diab2;5000;0.926044979036016;0.812161716057569;1.06378035926967
diab2;5100;0.923388104848069;0.808449409361485;1.06258819587404
diab2;5200;0.920731230660123;0.804737102665401;1.06139603247841
diab2;5300;0.918074356472176;0.801024795969317;1.06020386908278
diab2;5400;0.91541748228423;0.797312489273233;1.05901170568715
diab2;5500;0.912760608096283;0.793600182577149;1.05781954229153
diab2;5600;0.910103733908336;0.789887875881065;1.0566273788959
diab2;5700;0.90744685972039;0.786175569184981;1.05543521550027
diab2;5800;0.904789985532443;0.782463262488897;1.05424305210464
diab2;5900;0.902133111344497;0.778750955792814;1.05305088870901
diab2;6000;0.89947623715655;0.77503864909673;1.05185872531339
diab2;6100;0.896819362968603;0.771326342400646;1.05066656191776
diab2;6200;0.894162488780657;0.767614035704562;1.04947439852213
diab2;6300;0.89150561459271;0.763901729008478;1.0482822351265
diab2;6400;0.888848740404764;0.760189422312394;1.04709007173087
diab2;6500;0.886191866216817;0.75647711561631;1.04589790833524
diab2;6600;0.883534992028871;0.752764808920226;1.04470574493962
diab2;6700;0.880878117840924;0.749052502224142;1.04351358154399
diab2;6800;0.878221243652978;0.745340195528059;1.04232141814836
diab2;6900;0.875564369465031;0.741627888831975;1.04112925475273
diab2;7000;0.872907495277084;0.737915582135891;1.0399370913571
diab2;7100;0.870250621089138;0.734203275439807;1.03874492796148
diab2;7200;0.867593746901191;0.730490968743723;1.03755276456585
diab2;7300;0.864936872713245;0.726778662047639;1.03636060117022
diab2;7400;0.862279998525298;0.723066355351555;1.03516843777459
diab2;7500;0.859623124337352;0.719354048655471;1.03397627437896
diab2;7600;0.856966250149405;0.715641741959387;1.03278411098334
diab2;7700;0.854309375961458;0.711929435263303;1.03159194758771
diab2;7800;0.851652501773512;0.70821712856722;1.03039978419208
diab2;7900;0.848995627585565;0.704504821871136;1.02920762079645
diab2;8000;0.846338753397619;0.700792515175052;1.02801545740083
diab2;8100;0.843681879209672;0.697080208478968;1.0268232940052
diab2;8200;0.841025005021726;0.693367901782884;1.02563113060957
diab2;8300;0.838368130833779;0.6896555950868;1.02443896721394
diab2;8400;0.835711256645832;0.685943288390716;1.02324680381831
diab2;8500;0.833054382457886;0.682230981694632;1.02205464042268
diab2;8600;0.830397508269939;0.678518674998548;1.02086247702706
diab2;8700;0.827740634081993;0.674806368302464;1.01967031363143
diab2;8800;0.825083759894046;0.671094061606381;1.0184781502358
diab2;8900;0.8224268857061;0.667381754910297;1.01728598684017
diab2;9000;0.819770011518153;0.663669448214213;1.01609382344454
diab2;9100;0.817113137330207;0.659957141518129;1.01490166004892
diab2;9200;0.81445626314226;0.656244834822045;1.01370949665329
diab2;9300;0.811799388954314;0.652532528125961;1.01251733325766
diab2;9400;0.809142514766367;0.648820221429877;1.01132516986203
diab2;9500;0.80648564057842;0.645107914733793;1.01013300646641
diab2;9600;0.803828766390474;0.641395608037709;1.00894084307078
diab2;9700;0.801171892202527;0.637683301341625;1.00774867967515
diab2;9800;0.798515018014581;0.633970994645542;1.00655651627952
diab2;9900;0.795858143826634;0.630258687949458;1.00536435288389
diab2;10000;0.793201269638687;0.626546381253374;1.00417218948826
diab2;10100;0.790544395450741;0.62283407455729;1.00298002609264
diab2;10200;0.787887521262794;0.619121767861206;1.00178786269701
diab2;10300;0.785230647074848;0.615409461165122;1.00059569930138
diab2;10400;0.782573772886901;0.611697154469038;0.999403535905753
diab2;10500;0.779916898698954;0.607984847772954;0.998211372510125
diab2;10600;0.777260024511008;0.60427254107687;0.997019209114497
diab2;10700;0.774603150323062;0.600560234380787;0.995827045718869
diab2;10800;0.771946276135115;0.596847927684703;0.994634882323241
diab2;10900;0.769289401947168;0.593135620988619;0.993442718927613
diab2;11000;0.766632527759222;0.589423314292535;0.992250555531985
diab2;11100;0.763975653571275;0.585711007596451;0.991058392136357
diab2;11200;0.761318779383328;0.581998700900367;0.989866228740729
diab2;11300;0.758661905195382;0.578286394204283;0.988674065345101
diab2;11400;0.756005031007435;0.574574087508199;0.987481901949473
diab2;11500;0.753348156819489;0.570861780812115;0.986289738553845
diab2;11600;0.750691282631542;0.567149474116031;0.985097575158217
diab2;11700;0.748034408443596;0.563437167419948;0.983905411762589
diab2;11800;0.745377534255649;0.559724860723864;0.982713248366961
diab2;11900;0.742720660067703;0.55601255402778;0.981521084971333
diab2;12000;0.740063785879756;0.552300247331696;0.980328921575705
mort;0;1.96765231454187;1.5175636836041;2.53081170990431
mort;100;1.89368128029268;1.4883113173123;2.40155962440897
mort;200;1.82267834200844;1.45924853108711;2.27866471215227
mort;300;1.75458106031266;1.43038624688319;2.16197553223104
mort;400;1.68932699582886;1.40173538740924;2.05134064374212
mort;500;1.62685370918055;1.37330746365665;1.94660860578236
mort;600;1.56709876099126;1.34514161590841;1.84762797744859
mort;700;1.5099997118845;1.31723180283506;1.75424731783767
mort;800;1.45549412248378;1.28956943280739;1.66631518604642
mort;900;1.40351955341263;1.26216542019327;1.5836801411717
mort;1000;1.35401356529456;1.23503100527948;1.50619074231034
mort;1100;1.30691371875309;1.20816512288289;1.43369554855918
mort;1200;1.26215757441173;1.18157458089067;1.36604311901506
mort;1300;1.21968269289401;1.1552958603324;1.30308201277483
mort;1400;1.17942663482343;1.12933981583101;1.24466078893533
mort;1500;1.14132696082352;1.10372434631192;1.1906280065934
mort;1600;1.10532123151779;1.07845361246562;1.14083222484587
mort;1700;1.07134700752976;1.05353347503443;1.0951220027896
mort;1800;1.03934184948294;1.02897502955496;1.05334589952142
mort;1900;1.00924331800086;1.00478941442357;1.01535247413817
mort;2000;0.980988973707034;0.980987598728978;0.980990285736695
mort;2100;0.954513705549213;0.950099303366623;0.957574756233707
mort;2200;0.929741715772124;0.922485135888727;0.934561442766926
mort;2300;0.906594534944732;0.898187334844945;0.911981788328862
mort;2400;0.884993693636;0.876544331021154;0.889898965031497
mort;2500;0.864860722414894;0.857549137612751;0.868583932059287
mort;2600;0.846117151850378;0.84103899610042;0.848241527697028
mort;2700;0.828684512511417;0.826299208672055;0.829453592300968
mort;2800;0.812484334966975;0.806724410121228;0.815909055793034
mort;2900;0.797438149786017;0.787350776165551;0.804909807753167
mort;3000;0.783467487537508;0.768514772969113;0.795349609029084
mort;3100;0.770493878790411;0.750616356575519;0.787437285779149
mort;3200;0.758438854113692;0.733314133188958;0.781315728652423
mort;3300;0.747223944076315;0.716577584096736;0.776501315698535
mort;3400;0.736770679247245;0.700550690469655;0.772520108171238
mort;3500;0.727000590195446;0.685255933198284;0.769082030151347
mort;3600;0.717835207489883;0.670689811221896;0.766027263825986
mort;3700;0.70919606169952;0.656901713236738;0.763360806271587
mort;3800;0.701004683393322;0.643915349591177;0.760672633444488
mort;3900;0.693182603140253;0.631754430633583;0.757708197608482
mort;4000;0.685651351509279;0.620442626480293;0.754366915308757
mort;4100;0.678345817448157;0.609991767689382;0.75048875559494
mort;4200;0.67125432341982;0.600373673918619;0.746085488460926
mort;4300;0.664378550265994;0.591547690430805;0.741211834136676
mort;4400;0.657720178828407;0.583473162488741;0.73592251285215
mort;4500;0.651280889948785;0.57610943535523;0.730272244837309
mort;4600;0.645062364468854;0.569415854293073;0.724315750322113
mort;4700;0.63906628323034;0.563351764565072;0.718107749536523
mort;4800;0.633294327074971;0.557876511434027;0.7117029627105
mort;4900;0.627748176844473;0.552949440162742;0.705156110074005
mort;5000;0.622429513380572;0.548529896014017;0.698521911856998
mort;5100;0.617340017524995;0.544577224250654;0.69185508828944
mort;5200;0.612481370119469;0.541050770135455;0.685210359601291
mort;5300;0.60785525200572;0.537909878931221;0.678642446022512
mort;5400;0.603463344025474;0.535113895900754;0.672206067783065
mort;5500;0.599307327020458;0.532622166306856;0.665955945112909
mort;5600;0.595388881832399;0.530394035412327;0.659946798242005
mort;5700;0.591709689303023;0.528388848479971;0.654233347400314
mort;5800;0.588271430274056;0.526565950772587;0.648870312817797
mort;5900;0.585075785587226;0.524884687552979;0.643912414724414
mort;6000;0.582124436084259;0.523304404083947;0.639414373350126
mort;6100;0.579416558124804;0.521790856823515;0.635416789535001
mort;6200;0.576941310140204;0.52033544701059;0.631903786559543
mort;6300;0.574685346079726;0.518935987079301;0.62884536831436
mort;6400;0.572635319892636;0.517590289463778;0.626211538690063
mort;6500;0.570777885528199;0.51629616659815;0.623972301577263
mort;6600;0.569099696935683;0.515051430916545;0.622097660866569
mort;6700;0.567587408064353;0.513853894853093;0.620557620448592
mort;6800;0.566227672863475;0.512701370841924;0.619322184213942
mort;6900;0.565007145282316;0.511591671317166;0.618361356053228
mort;7000;0.563912479270142;0.510522608712948;0.617645139857062
mort;7100;0.562930328776218;0.5094919954634;0.617143539516053
mort;7200;0.562047347749812;0.50849764400265;0.616826558920812
mort;7300;0.561250190140188;0.507537366764828;0.616664201961948
mort;7400;0.560525509896614;0.506608976184063;0.616626472530072
mort;7500;0.559859960968356;0.505710284694484;0.616683374515794
mort;7600;0.559240197304679;0.50483910473022;0.616804911809724
mort;7700;0.558652872854851;0.503993248725401;0.616961088302472
mort;7800;0.558084641568136;0.503170529114155;0.617121907884649
mort;7900;0.557522157393801;0.502368758330611;0.617257374446865
mort;8000;0.556952074281113;0.5015857488089;0.617337491879729
mort;8100;0.556362746261111;0.500818653128967;0.617337265011629
mort;8200;0.555749327691929;0.500061984454031;0.617251702422055
mort;8300;0.555108673013475;0.49930959609313;0.617080813628276
mort;8400;0.554437636665657;0.498555341355299;0.616824608147558
mort;8500;0.553733073088382;0.497793073549576;0.61648309549717
mort;8600;0.552991836721557;0.497016645984996;0.616056285194379
mort;8700;0.552210782005092;0.496219911970598;0.615544186756452
mort;8800;0.551386763378892;0.495396724815416;0.614946809700657
mort;8900;0.550516635282866;0.494540937828488;0.614264163544262
mort;9000;0.549597252156922;0.493646404318851;0.613496257804535
mort;9100;0.548625468440967;0.492706977595541;0.612643101998742
mort;9200;0.547598138574909;0.491716510967594;0.611704705644152
mort;9300;0.546512116998656;0.490668857744048;0.610681078258032
mort;9400;0.545364258152114;0.489557871233939;0.60957222935765
mort;9500;0.544151416475193;0.488377404746304;0.608378168460273
mort;9600;0.542870446407799;0.487121311590179;0.607098905083169
mort;9700;0.541518202389841;0.4857834450746;0.605734448743605
mort;9800;0.540091538861225;0.484357658508605;0.60428480895885
mort;9900;0.53858731026186;0.48283780520123;0.60274999524617
mort;10000;0.537002371031653;0.481217738461512;0.601130017122833
mort;10100;0.535333235594158;0.479491443569324;0.599423883918552
mort;10200;0.533575058307508;0.477653433687884;0.597626604212818
mort;10300;0.531722653513482;0.475698353951248;0.595732186397567
mort;10400;0.52977083555386;0.47362084949347;0.593734638864735
mort;10500;0.527714418770422;0.471415565448606;0.591627970006258
mort;10600;0.525548217504947;0.469077146950712;0.589406188214072
mort;10700;0.523267046099214;0.466601114563819;0.587063301880114
mort;10800;0.520865718895002;0.463983523448636;0.58459331939632
mort;10900;0.518339050234091;0.461214421700107;0.581990249154625
mort;11000;0.51568185445826;0.458288335245426;0.579250427675279
mort;11100;0.512888945909289;0.455200617357702;0.576367220349688
mort;11200;0.509955138928957;0.451950939956779;0.57333097211179
mort;11300;0.506875247859043;0.448530644041211;0.570135615354535
mort;11400;0.503644087041327;0.444934374745053;0.566775082470872
mort;11500;0.500256470817588;0.44115677720236;0.563243305853749
mort;11600;0.496707213529606;0.437192496547187;0.559539005164186
mort;11700;0.492991129519159;0.433036177913589;0.555655534968989
mort;11800;0.489103033128027;0.428682466435622;0.551585052543316
mort;11900;0.48503773869799;0.424126007247341;0.547321566279104
mort;12000;0.480790060570827;0.4193614454828;0.542859084568288